temp,SLABweight,SLABwide,SLABthick,SLABlong,RolljoblinLT,SHEARinLT,TSmean
571,30.6 ton,1570 mm,250 mm,9970 mm,14.3,8,255
351,23.65 ton,1020 mm,250 mm,11860 mm,10.3,13.4,340
460,34.63 ton,1500 mm,250 mm,11810 mm,14.6,7.5,253
488,28.94 ton,1570 mm,250 mm,9430 mm,14.4,7.8,252
335,34.81 ton,1500 mm,250 mm,11870 mm,14.7,7.2,253
420,29.06 ton,1570 mm,250 mm,9560 mm,14.5,7.7,255
424,23.65 ton,1020 mm,250 mm,11860 mm,10.4,13.3,339
353,22.77 ton,1400 mm,250 mm,8320 mm,11.1,16.5,339
448,22.77 ton,1400 mm,250 mm,8320 mm,11.1,16.6,338
756,25.95 ton,1290 mm,250 mm,10290 mm,6.2,5.2,343
418,23.87 ton,1040 mm,250 mm,11740 mm,8.4,13.1,328
362,18.34 ton,1090 mm,250 mm,8810 mm,8.4,13.4,328
456,23.18 ton,1260 mm,250 mm,9410 mm,6,13.1,340
365,23.65 ton,1020 mm,250 mm,11860 mm,10,16.4,347
350,23.65 ton,1020 mm,250 mm,11860 mm,10,16.6,346
236,33.45 ton,1490 mm,246 mm,11670 mm,12.2,19.4,319
361,16.38 ton,1440 mm,250 mm,5820 mm,12.3,18.7,321
312,29.06 ton,1440 mm,246 mm,10490 mm,12.4,18.7,325
273,31.66 ton,1390 mm,246 mm,11840 mm,12.6,18.2,312
422,34.98 ton,1520 mm,250 mm,11770 mm,12.7,8.6,267
577,23.62 ton,1490 mm,250 mm,8110 mm,12.8,7.9,271
521,23.62 ton,1490 mm,250 mm,8110 mm,12.9,7.6,271
373,29.44 ton,1500 mm,250 mm,10040 mm,13,5.5,254
439,30.56 ton,1440 mm,250 mm,11010 mm,13.3,7.7,268
316,27.8 ton,1290 mm,250 mm,11240 mm,13.5,20.8,309
318,23.65 ton,1020 mm,250 mm,11860 mm,9.6,16.4,345
289,23.65 ton,1020 mm,250 mm,11860 mm,9.7,16.5,344
345,21.6 ton,1020 mm,250 mm,10830 mm,9.9,16.2,347
180,17.07 ton,1000 mm,250 mm,8730 mm,10.4,13.4,325
491,34.8 ton,1520 mm,250 mm,11710 mm,13.1,9.2,268
448,34.02 ton,1490 mm,250 mm,11680 mm,13.2,8.8,266
526,34.99 ton,1570 mm,250 mm,11400 mm,13.8,8.3,254
490,25.69 ton,1260 mm,250 mm,10430 mm,9.2,10.1,344
593,27.8 ton,1500 mm,250 mm,9480 mm,12.6,5.3,254
612,24.03 ton,1570 mm,250 mm,7830 mm,11,8.1,263
344,23.07 ton,1350 mm,250 mm,8740 mm,9.3,17.6,445
624,24.46 ton,1570 mm,250 mm,7970 mm,11,7.5,266
288,28.97 ton,1570 mm,250 mm,9440 mm,6.6,20.4,257
615,21.21 ton,1000 mm,250 mm,10850 mm,9.9,3.3,416
372,30.44 ton,1360 mm,250 mm,11450 mm,14.9,13.1,339
344,33.91 ton,1490 mm,250 mm,11640 mm,12.1,19.7,319
323,33.91 ton,1490 mm,250 mm,11640 mm,12.2,19.8,319
269,31.19 ton,1440 mm,244 mm,11350 mm,12.3,18.7,322
309,28.27 ton,1390 mm,244 mm,10660 mm,12.3,18.2,315
304,23.87 ton,1040 mm,250 mm,11740 mm,11,36.4,297
278,26.2 ton,1390 mm,246 mm,9800 mm,12.7,18.5,314
271,30.09 ton,1300 mm,250 mm,11840 mm,12.7,10.7,351
319,34.37 ton,1570 mm,246 mm,11380 mm,6.9,19.4,256
291,34.62 ton,1530 mm,250 mm,11690 mm,7,18.1,252
556,29.24 ton,1260 mm,250 mm,11870 mm,13,10.7,352
491,24.46 ton,1570 mm,250 mm,7970 mm,10.9,7.4,266
361,23.65 ton,1020 mm,250 mm,11860 mm,10,16.5,347
560,25.51 ton,1570 mm,250 mm,8310 mm,14.3,8,253
418,23.65 ton,1020 mm,250 mm,11860 mm,10.6,14.7,353
247,22.62 ton,1350 mm,250 mm,8570 mm,9.3,17.3,444
611,19.39 ton,1260 mm,250 mm,7870 mm,7.8,11.3,431
377,23.65 ton,1020 mm,250 mm,11860 mm,10.7,14.8,353
413,23.65 ton,1020 mm,250 mm,11860 mm,10.9,15.2,353
497,19.59 ton,1300 mm,250 mm,7710 mm,7.9,12.3,427
446,29.89 ton,1390 mm,250 mm,11000 mm,11.1,9.6,338
459,20 ton,1260 mm,250 mm,8120 mm,9.4,11.9,431
288,31.09 ton,1570 mm,250 mm,10130 mm,11,11.3,299
706,21.21 ton,1000 mm,250 mm,10850 mm,9.8,3.1,416
419,32.82 ton,1550 mm,250 mm,10830 mm,11.1,11.8,245
334,32.82 ton,1550 mm,250 mm,10830 mm,11.2,11.8,245
279,28.49 ton,1490 mm,246 mm,10110 mm,11.3,18,311
333,23.65 ton,1020 mm,250 mm,11860 mm,9.6,16.5,344
257,23.65 ton,1020 mm,250 mm,11860 mm,9.6,16.5,343
677,21.21 ton,1000 mm,250 mm,10850 mm,9.9,3.1,417
395,26.34 ton,1350 mm,250 mm,10130 mm,12.7,8.7,338
412,26.23 ton,1290 mm,250 mm,10400 mm,12.7,15.8,338
254,25.63 ton,1350 mm,250 mm,9710 mm,12.6,17.6,336
675,24.03 ton,1570 mm,250 mm,7830 mm,11.5,8.5,264
513,24.22 ton,1560 mm,250 mm,7940 mm,11.3,5.7,510
601,22.95 ton,1430 mm,250 mm,8210 mm,11.6,5.5,506
299,27.98 ton,1340 mm,250 mm,10680 mm,13.5,20.9,310
413,29.89 ton,1390 mm,250 mm,11000 mm,11.8,10.4,337
390,24.26 ton,1290 mm,250 mm,9620 mm,9.6,9.7,336
607,23.75 ton,1050 mm,250 mm,11570 mm,8.3,4.6,340
485,34.99 ton,1570 mm,250 mm,11400 mm,13.9,8.1,249
583,19.58 ton,1050 mm,250 mm,9540 mm,7.3,3.8,338
551,32.95 ton,1420 mm,250 mm,11870 mm,6.6,3.3,277
687,31.98 ton,1420 mm,250 mm,11520 mm,6.8,3.9,276
676,29.59 ton,1330 mm,250 mm,11380 mm,8.6,4.7,434
673,29.62 ton,1330 mm,250 mm,11390 mm,8.6,4.7,436
607,16.65 ton,1010 mm,250 mm,8430 mm,9.3,3.6,346
512,31.23 ton,1430 mm,250 mm,11170 mm,10.5,5.7,440
573,30.86 ton,1380 mm,250 mm,11650 mm,8.5,4.9,433
616,28.16 ton,1330 mm,250 mm,10830 mm,8.5,4.2,442
677,22.19 ton,1000 mm,250 mm,11350 mm,10.1,2.5,425
402,19.29 ton,1300 mm,250 mm,7590 mm,9.5,10.6,300
345,19.12 ton,1000 mm,250 mm,9780 mm,12.3,10.7,331
483,19.12 ton,1000 mm,250 mm,9780 mm,11.6,11.4,327
410,22.7 ton,1270 mm,246 mm,9290 mm,12.6,13.3,278
416,22.7 ton,1270 mm,246 mm,9290 mm,13.1,14.4,273
353,32.76 ton,1420 mm,250 mm,11800 mm,11.4,14.2,527
298,18.06 ton,1240 mm,250 mm,7450 mm,9.1,14.9,519
382,18.61 ton,1000 mm,250 mm,9520 mm,11.2,8.7,338
463,18.61 ton,1000 mm,250 mm,9520 mm,11.2,8.8,338
513,16.88 ton,950 mm,250 mm,9090 mm,11.5,4.7,342
216,29.73 ton,1290 mm,250 mm,11790 mm,11.4,16.6,334
446,15.96 ton,900 mm,250 mm,9070 mm,13.6,8,300
669,18.62 ton,1100 mm,250 mm,8660 mm,3.1,3.6,331
666,25.95 ton,1290 mm,250 mm,10290 mm,6.3,5.5,340
489,26.88 ton,1290 mm,250 mm,10660 mm,8.5,5.3,520
572,24.17 ton,1400 mm,250 mm,8830 mm,10.8,5.2,274
430,25.87 ton,1390 mm,250 mm,9520 mm,12,11,337
643,27.33 ton,1200 mm,250 mm,11650 mm,7,4.7,337
500,34.78 ton,1500 mm,250 mm,11860 mm,10.2,13.6,326
332,28 ton,1390 mm,246 mm,10470 mm,12.7,18.3,314
558,29.25 ton,1300 mm,250 mm,11690 mm,12.9,10.8,352
510,19.29 ton,1300 mm,250 mm,7590 mm,9.6,10.6,300
465,24.03 ton,1570 mm,250 mm,7830 mm,10.9,7.8,264
552,29 ton,1500 mm,250 mm,9890 mm,10.4,13.6,317
640,24.46 ton,1570 mm,250 mm,7970 mm,11.4,8,266
461,24.46 ton,1570 mm,250 mm,7970 mm,11.4,8.2,265
585,17.07 ton,950 mm,250 mm,9190 mm,11.2,6.1,328
434,27.55 ton,1390 mm,250 mm,10140 mm,11.3,10,337
564,16.7 ton,1000 mm,250 mm,8540 mm,3.5,5.7,320
686,18.62 ton,1100 mm,250 mm,8660 mm,3,3.6,332
205,22.86 ton,1350 mm,250 mm,8790 mm,10,18.3,344
542,19.49 ton,1000 mm,250 mm,9970 mm,11.3,6.7,346
296,29.63 ton,1310 mm,250 mm,11660 mm,10.2,17.5,334
334,28.19 ton,1460 mm,244 mm,10120 mm,8.4,12.3,313
613,19.08 ton,1000 mm,250 mm,9760 mm,11,7.7,332
516,19.08 ton,1000 mm,250 mm,9760 mm,11,7.8,332
625,16.78 ton,1010 mm,250 mm,8500 mm,3.6,2,356
559,19.54 ton,1390 mm,250 mm,7190 mm,12.2,10.4,339
349,28.41 ton,1300 mm,250 mm,11180 mm,8.8,12.6,436
566,19.49 ton,1000 mm,250 mm,9970 mm,11.3,6.6,346
447,18.61 ton,1000 mm,250 mm,9520 mm,11.4,9.2,338
648,25.17 ton,1290 mm,250 mm,9980 mm,8.3,2,344
358,22.39 ton,1260 mm,250 mm,9090 mm,8.6,11.6,435
507,29.73 ton,1290 mm,250 mm,11790 mm,9.3,9.9,334
472,18.35 ton,900 mm,250 mm,10430 mm,10.1,10.1,300
382,18.09 ton,900 mm,246 mm,10450 mm,10.3,10,300
461,19.21 ton,900 mm,250 mm,10920 mm,10.3,9.2,301
672,18.59 ton,1000 mm,250 mm,9510 mm,9.8,3.3,417
495,20 ton,1260 mm,250 mm,8120 mm,9.5,12.1,429
694,21.21 ton,1000 mm,250 mm,10850 mm,10,3.1,416
509,26.3 ton,1310 mm,250 mm,10270 mm,9.5,10.4,337
458,29.73 ton,1290 mm,250 mm,11790 mm,9.5,9.9,337
401,19.49 ton,1000 mm,250 mm,9970 mm,11.2,6.7,345
368,21.59 ton,960 mm,246 mm,11690 mm,8.8,10.3,320
472,16.88 ton,950 mm,250 mm,9090 mm,11.7,4.6,342
647,16.88 ton,950 mm,250 mm,9090 mm,11.9,4.6,342
539,16.88 ton,950 mm,250 mm,9090 mm,11.9,5,342
306,22.9 ton,1290 mm,250 mm,9080 mm,9.8,17,340
419,32.32 ton,1440 mm,250 mm,11480 mm,11.4,12.4,300
595,22.85 ton,1290 mm,250 mm,9060 mm,5.7,4.4,357
651,16.63 ton,1010 mm,250 mm,8420 mm,8.9,1.5,338
612,16.65 ton,1010 mm,250 mm,8430 mm,9,3.3,346
654,23.2 ton,1240 mm,250 mm,9570 mm,5.7,2.3,355
666,27.81 ton,1240 mm,250 mm,11470 mm,5.2,2,368
611,29.66 ton,1290 mm,250 mm,11760 mm,5.3,3.7,258
660,16.63 ton,1010 mm,250 mm,8420 mm,9.7,3,350
513,19.08 ton,1000 mm,250 mm,9760 mm,10.9,7.9,332
610,23.63 ton,1020 mm,250 mm,11850 mm,8.1,4,331
537,31.09 ton,1390 mm,250 mm,11440 mm,13.4,21.7,305
304,27.9 ton,1340 mm,250 mm,10650 mm,13.4,21,307
334,22.19 ton,1000 mm,250 mm,11350 mm,6.1,23.4,418
283,18.37 ton,1090 mm,250 mm,8620 mm,8.4,13.8,327
263,27.62 ton,1570 mm,244 mm,9220 mm,8.7,13.7,268
255,22.99 ton,1020 mm,250 mm,11530 mm,10.7,16.9,337
443,28.74 ton,1400 mm,250 mm,10500 mm,12,17.4,316
364,27.8 ton,1290 mm,250 mm,11240 mm,13.5,20.7,309
497,22.19 ton,1290 mm,250 mm,8800 mm,12.8,9.1,342
345,28.78 ton,1240 mm,250 mm,11870 mm,13.7,10.8,325
393,26.58 ton,1290 mm,250 mm,10540 mm,8.6,11.6,334
583,34.99 ton,1570 mm,250 mm,11400 mm,11.7,6.6,260
547,24.21 ton,1290 mm,250 mm,9600 mm,9.7,9.9,337
369,22.9 ton,1310 mm,250 mm,8940 mm,10,17.5,343
555,30.6 ton,1570 mm,250 mm,9970 mm,14,7.7,256
316,27.77 ton,1290 mm,250 mm,11010 mm,9,12,337
564,30.6 ton,1570 mm,250 mm,9970 mm,14.3,8.3,257
733,15.32 ton,1110 mm,250 mm,7060 mm,6,2.4,352
338,25.55 ton,1530 mm,246 mm,8680 mm,14.6,16.7,301
524,23.18 ton,1260 mm,250 mm,9410 mm,6,13.1,341
393,19.68 ton,1260 mm,250 mm,7990 mm,6,13.5,338
390,22.46 ton,1290 mm,250 mm,9010 mm,10.4,10,342
390,19.55 ton,1290 mm,250 mm,7750 mm,10.6,17.6,343
423,21.38 ton,1400 mm,250 mm,7810 mm,12.9,7.4,273
364,26.28 ton,1290 mm,250 mm,10420 mm,12.7,15.5,337
324,23.65 ton,1020 mm,250 mm,11860 mm,10.2,13.7,337
569,29.73 ton,1290 mm,250 mm,11790 mm,9.4,9.9,335
501,29.71 ton,1310 mm,250 mm,11690 mm,9.4,10,334
391,29.19 ton,1260 mm,250 mm,11850 mm,9.4,10,342
218,23.65 ton,1020 mm,250 mm,11860 mm,9.4,16.4,344
378,23.62 ton,1490 mm,250 mm,8110 mm,12.8,7.7,272
348,26.69 ton,1240 mm,250 mm,11190 mm,13.4,24.6,447
520,34.99 ton,1570 mm,250 mm,11400 mm,13.9,8,250
388,23.65 ton,1020 mm,250 mm,11860 mm,10.3,13.6,340
387,22.65 ton,1350 mm,250 mm,8710 mm,8.6,13,335
588,30.6 ton,1570 mm,250 mm,9970 mm,14,7.8,255
429,30.6 ton,1570 mm,250 mm,9970 mm,14,7.9,257
520,30.6 ton,1570 mm,250 mm,9970 mm,14.2,8.1,255
366,23.65 ton,1020 mm,250 mm,11860 mm,11,15.4,353
502,29.25 ton,1300 mm,250 mm,11690 mm,13,10.9,352
310,28.68 ton,1240 mm,250 mm,11830 mm,10.8,7.7,336
612,29.03 ton,1570 mm,250 mm,9550 mm,14.5,7.8,255
452,24.46 ton,1570 mm,250 mm,7970 mm,10.9,7.3,267
505,28.6 ton,1290 mm,250 mm,11340 mm,10.2,10,336
472,19.37 ton,1090 mm,250 mm,9090 mm,7.9,13.4,328
647,29.1 ton,1570 mm,250 mm,9480 mm,11.3,4.3,257
346,34.88 ton,1550 mm,250 mm,11510 mm,11.4,12.3,243
354,19.37 ton,1090 mm,250 mm,9090 mm,8,13.4,327
764,18.17 ton,960 mm,250 mm,9680 mm,4.7,1.6,336
414,28.79 ton,1290 mm,250 mm,11640 mm,6.4,5.3,336
438,19.29 ton,1300 mm,250 mm,7590 mm,9.7,10.6,300
315,34.62 ton,1530 mm,250 mm,11690 mm,7,18.2,254
464,24.17 ton,1400 mm,250 mm,8830 mm,13.3,7.7,271
305,15.66 ton,1040 mm,250 mm,7700 mm,13.6,9.3,332
541,19.58 ton,1050 mm,250 mm,9540 mm,7.5,4.2,341
309,33.91 ton,1490 mm,250 mm,11640 mm,12.1,19.6,320
481,26.79 ton,1390 mm,250 mm,9860 mm,12.5,18.6,314
317,28.1 ton,1340 mm,244 mm,10990 mm,13.1,18.2,308
541,21.58 ton,1570 mm,250 mm,7030 mm,11.5,8.5,268
351,21.56 ton,1390 mm,250 mm,8080 mm,13.4,21.3,319
190,34.25 ton,1500 mm,246 mm,11870 mm,7.1,17.9,263
334,22.7 ton,1300 mm,250 mm,8930 mm,7.4,11.5,427
484,22.28 ton,1060 mm,250 mm,10750 mm,9.1,12.5,340
311,27.73 ton,1400 mm,244 mm,10530 mm,12.4,16.6,292
426,19.65 ton,1390 mm,250 mm,7230 mm,12.4,7.2,342
423,16.64 ton,950 mm,250 mm,8960 mm,11.5,10.6,365
353,18.06 ton,1240 mm,250 mm,7450 mm,7.9,34.3,503
325,20.15 ton,1500 mm,244 mm,7040 mm,7.6,17.8,255
561,22.69 ton,1460 mm,250 mm,7950 mm,5.7,4.7,289
409,20.14 ton,1280 mm,250 mm,8210 mm,11.8,15.2,334
593,30.47 ton,1510 mm,250 mm,10320 mm,8.7,8.5,326
409,30.47 ton,1510 mm,250 mm,10320 mm,8.4,8.3,327
472,24.84 ton,1100 mm,250 mm,11550 mm,10.4,10.2,501
410,22.59 ton,1260 mm,250 mm,9170 mm,9.3,7.8,325
333,23.65 ton,1020 mm,250 mm,11860 mm,9.5,16.7,345
379,26.69 ton,1200 mm,250 mm,11570 mm,13.4,24.5,446
467,13.57 ton,1100 mm,250 mm,6310 mm,3.5,5.6,339
273,28.17 ton,1240 mm,246 mm,11810 mm,13.5,19.4,309
377,23.65 ton,1020 mm,250 mm,11860 mm,9.9,16.3,347
411,31.5 ton,1510 mm,250 mm,10670 mm,15.3,12.9,330
496,25.74 ton,1260 mm,250 mm,10450 mm,9.2,10,342
416,18.36 ton,1090 mm,250 mm,8820 mm,8.5,13.7,328
491,28.77 ton,1520 mm,250 mm,9680 mm,12.2,8.1,267
551,24.93 ton,1500 mm,250 mm,8500 mm,12.2,5.3,258
705,25.07 ton,1500 mm,250 mm,8550 mm,12.3,5.1,258
370,23.65 ton,1020 mm,250 mm,11860 mm,10.1,16.7,348
416,18.57 ton,980 mm,250 mm,9690 mm,10,7.8,337
718,28.97 ton,1570 mm,250 mm,9440 mm,10.4,3,254
750,28.97 ton,1570 mm,250 mm,9440 mm,10.6,3.4,255
482,29.71 ton,1290 mm,250 mm,11780 mm,8.7,4.8,524
336,19.75 ton,1490 mm,250 mm,6780 mm,11.3,19.2,311
652,24.22 ton,1480 mm,250 mm,8370 mm,8.1,7.8,339
351,20.15 ton,1500 mm,244 mm,7040 mm,7.9,18,256
748,15.23 ton,1110 mm,250 mm,7020 mm,6,2.5,352
581,29.68 ton,1290 mm,250 mm,11770 mm,9.1,6.1,525
368,26.27 ton,1190 mm,250 mm,11290 mm,12.2,9.4,460
280,23.81 ton,1040 mm,250 mm,11710 mm,8.3,12.8,328
531,18.57 ton,980 mm,250 mm,9690 mm,10,7.9,338
627,15.32 ton,1110 mm,250 mm,7060 mm,5.9,2.4,351
368,25.99 ton,1160 mm,250 mm,11460 mm,6.9,21.9,338
392,16.66 ton,1000 mm,250 mm,8520 mm,3.4,5.7,319
359,14.07 ton,1260 mm,250 mm,5710 mm,7.4,9.7,411
488,19.39 ton,1300 mm,250 mm,7750 mm,7.5,11.1,430
324,22.7 ton,1270 mm,246 mm,9290 mm,11.5,14.2,274
766,15.32 ton,1110 mm,250 mm,7060 mm,6.1,2.5,352
320,23.65 ton,1020 mm,250 mm,11860 mm,11.3,15.9,343
703,15.32 ton,1110 mm,250 mm,7060 mm,6.2,2.6,352
469,34.8 ton,1520 mm,250 mm,11710 mm,10.8,6.6,267
422,19.37 ton,1090 mm,250 mm,9090 mm,8,13.4,327
485,24.67 ton,1100 mm,250 mm,11470 mm,8,4.8,341
290,27.81 ton,1240 mm,250 mm,11470 mm,7.6,15.3,335
608,15.32 ton,1110 mm,250 mm,7060 mm,6.1,2.4,351
414,22.37 ton,1260 mm,250 mm,9080 mm,8.5,11.7,436
547,25.45 ton,1260 mm,250 mm,10330 mm,8.5,11.3,438
700,15.23 ton,1110 mm,250 mm,7020 mm,6,2.7,352
434,28.41 ton,1300 mm,250 mm,11180 mm,8.9,12.8,434
502,19.58 ton,1050 mm,250 mm,9540 mm,7.7,4,341
193,27.06 ton,1490 mm,246 mm,9440 mm,7.2,20.1,269
477,29.79 ton,1300 mm,250 mm,11720 mm,7.3,11.4,430
330,19.59 ton,1300 mm,250 mm,7710 mm,8,12.7,427
242,25.62 ton,1240 mm,246 mm,10740 mm,2.5,16.6,338
277,23.65 ton,1020 mm,250 mm,11860 mm,9.8,17,344
305,23.65 ton,1020 mm,250 mm,11860 mm,10.1,16.8,347
671,16.66 ton,1000 mm,250 mm,8520 mm,3.4,5.8,320
371,30.09 ton,1300 mm,250 mm,11840 mm,12.8,10.9,352
515,30.09 ton,1300 mm,250 mm,11840 mm,12.8,10.9,353
616,29.66 ton,1290 mm,250 mm,11760 mm,6.9,6.4,335
684,18.62 ton,1100 mm,250 mm,8660 mm,3,3.6,332
685,29.33 ton,1290 mm,250 mm,11630 mm,6.9,6.3,335
377,34.37 ton,1570 mm,246 mm,11380 mm,6.9,19.5,258
384,23.65 ton,1020 mm,250 mm,11860 mm,10.5,14.2,337
259,34.37 ton,1570 mm,246 mm,11380 mm,6.8,19.5,258
418,23.65 ton,1020 mm,250 mm,11860 mm,10.6,14.5,337
311,26.21 ton,1190 mm,250 mm,11410 mm,6.8,24.7,488
468,23.09 ton,1560 mm,250 mm,7570 mm,11.4,5.6,511
498,19.29 ton,1300 mm,250 mm,7590 mm,9.7,10.6,300
471,29.79 ton,1300 mm,250 mm,11720 mm,7.3,11.5,432
629,24.24 ton,1560 mm,250 mm,8050 mm,11.5,5.7,517
448,29.89 ton,1390 mm,250 mm,11000 mm,11.6,10,338
528,30.86 ton,1380 mm,250 mm,11440 mm,5.9,2.3,288
333,22.7 ton,1270 mm,246 mm,9290 mm,11.6,14.5,273
488,19.39 ton,1260 mm,250 mm,7870 mm,7.7,10.9,431
381,22.12 ton,1210 mm,250 mm,9350 mm,8.4,8.5,283
448,19.39 ton,1300 mm,250 mm,7750 mm,7.6,11.2,431
441,19.39 ton,1260 mm,250 mm,7870 mm,7.7,11,430
347,34.49 ton,1490 mm,250 mm,11840 mm,12.1,20,309
562,34.99 ton,1570 mm,250 mm,11400 mm,11.2,4.5,251
437,33.91 ton,1490 mm,250 mm,11640 mm,11.5,19.3,320
374,22.7 ton,1270 mm,246 mm,9290 mm,12,15.2,273
166,33.39 ton,1440 mm,250 mm,11860 mm,12.6,19.1,321
640,24.03 ton,1570 mm,250 mm,7830 mm,11.1,8.2,264
187,28.86 ton,1390 mm,250 mm,10620 mm,9,15.9,339
541,16.66 ton,1000 mm,250 mm,8520 mm,3.5,5.8,319
468,22.19 ton,1290 mm,250 mm,8800 mm,12.8,9.1,341
499,29.2 ton,1310 mm,250 mm,11490 mm,9.2,10,334
616,24.03 ton,1570 mm,250 mm,7830 mm,11.1,8.3,264
297,23.65 ton,1020 mm,250 mm,11860 mm,10.2,13.6,340
459,26.36 ton,1490 mm,250 mm,9050 mm,12.4,7.8,271
670,30.67 ton,1490 mm,250 mm,10530 mm,12.6,7.6,267
539,29.44 ton,1500 mm,250 mm,10040 mm,12.6,5.2,255
412,19.42 ton,1300 mm,250 mm,7640 mm,8.2,12.6,429
426,22.99 ton,1390 mm,250 mm,8460 mm,12.2,10.2,340
713,22.11 ton,1130 mm,250 mm,10010 mm,6.8,5.8,332
634,19.48 ton,1100 mm,250 mm,9270 mm,7.5,4.3,340
331,19.37 ton,1090 mm,250 mm,9090 mm,7.8,13,327
524,22.87 ton,1290 mm,250 mm,9070 mm,9.7,9.6,339
362,22.99 ton,1020 mm,250 mm,11530 mm,11.2,17.6,337
578,22.99 ton,1390 mm,250 mm,8460 mm,12.2,10.3,339
595,34.02 ton,1490 mm,250 mm,11680 mm,13.2,8.6,267
342,22.9 ton,1310 mm,250 mm,8940 mm,10.1,11.2,340
643,18.59 ton,1000 mm,250 mm,9510 mm,9.7,3.3,417
665,21.21 ton,1000 mm,250 mm,10850 mm,10,3.1,416
733,22.19 ton,1000 mm,250 mm,11350 mm,10,2.6,426
660,22.11 ton,1130 mm,250 mm,10010 mm,6.8,5.7,332
512,20.5 ton,1150 mm,250 mm,9320 mm,7.1,4.3,342
623,24.22 ton,1560 mm,250 mm,7940 mm,11.3,5.8,512
668,23.08 ton,1520 mm,250 mm,7870 mm,11.4,5.5,516
731,31.98 ton,1420 mm,250 mm,11520 mm,6.7,3.7,275
420,22.05 ton,1260 mm,250 mm,8950 mm,9.6,12.2,426
425,22.07 ton,1260 mm,250 mm,8960 mm,9.6,12.3,427
510,34.8 ton,1520 mm,250 mm,11710 mm,13,9,268
584,15.32 ton,1110 mm,250 mm,7060 mm,6.4,3,351
422,23.65 ton,1020 mm,250 mm,11860 mm,10.4,13.5,340
469,24.3 ton,1310 mm,250 mm,9490 mm,9.5,10.5,337
536,24.24 ton,1290 mm,250 mm,9610 mm,9.6,9.8,337
496,19.59 ton,1300 mm,250 mm,7710 mm,8.3,12.9,428
419,19.46 ton,1210 mm,250 mm,8400 mm,7.2,12.6,328
691,19.48 ton,1050 mm,250 mm,9490 mm,7.3,3.9,340
714,19.58 ton,1050 mm,250 mm,9540 mm,7.3,3.9,340
705,19.48 ton,1050 mm,250 mm,9490 mm,7.4,4,340
664,19.48 ton,1050 mm,250 mm,9490 mm,7.7,4.1,340
252,28.86 ton,1390 mm,250 mm,10620 mm,9,15.9,338
561,20.5 ton,1150 mm,250 mm,9320 mm,7,4.3,341
534,27.62 ton,1570 mm,250 mm,9000 mm,11.8,8.2,268
382,28.78 ton,1520 mm,250 mm,9780 mm,12.2,7.7,266
679,28.97 ton,1570 mm,250 mm,9440 mm,10.8,3.9,256
545,24.46 ton,1570 mm,250 mm,7970 mm,11.3,7.9,265
309,28.04 ton,1440 mm,246 mm,10300 mm,12.4,18.5,315
456,34.89 ton,1570 mm,250 mm,11550 mm,12.9,8.9,267
418,18.3 ton,1260 mm,250 mm,7490 mm,6.5,12.8,327
484,34.78 ton,1500 mm,250 mm,11860 mm,14.7,7.6,252
273,23.6 ton,1260 mm,250 mm,9580 mm,5.9,13.6,337
474,25.95 ton,1290 mm,250 mm,10290 mm,6.2,5.5,341
578,25.95 ton,1290 mm,250 mm,10290 mm,6.4,5.6,341
479,18.61 ton,1000 mm,250 mm,9520 mm,11.3,9,339
420,18.61 ton,1000 mm,250 mm,9520 mm,11.5,9.2,338
754,18.15 ton,960 mm,250 mm,9670 mm,4.8,1.8,336
494,32.95 ton,1490 mm,250 mm,11310 mm,12.5,7.4,265
472,19.08 ton,1000 mm,250 mm,9760 mm,11.1,7.8,332
512,22.12 ton,1290 mm,250 mm,8770 mm,12.7,9,340
223,34.37 ton,1570 mm,246 mm,11380 mm,6.8,19.2,255
837,18.07 ton,960 mm,250 mm,9630 mm,4.5,0.3,339
555,15.8 ton,1000 mm,250 mm,8080 mm,4.7,7.1,321
661,21.99 ton,1240 mm,250 mm,9070 mm,6.1,4.5,344
612,22.88 ton,1240 mm,250 mm,9440 mm,6.1,4.4,340
545,25.95 ton,1290 mm,250 mm,10290 mm,6.3,5.4,341
603,21.53 ton,1260 mm,250 mm,8740 mm,8.4,9.1,352
265,21.66 ton,1390 mm,250 mm,7970 mm,6.4,18.2,292
577,28.27 ton,1400 mm,250 mm,10330 mm,11.5,8.6,279
224,22.59 ton,1260 mm,250 mm,9170 mm,11.5,15.2,329
569,20.19 ton,1100 mm,250 mm,9390 mm,13,9.5,329
455,27.67 ton,1290 mm,250 mm,10970 mm,13.8,10.5,339
231,21.83 ton,960 mm,250 mm,11630 mm,11.7,20.2,357
487,12.53 ton,1090 mm,250 mm,5880 mm,9.6,10.2,275
424,22.85 ton,1400 mm,250 mm,8350 mm,15.2,8,260
425,23.65 ton,1020 mm,250 mm,11860 mm,10.5,14.1,337
469,19.59 ton,1300 mm,250 mm,7710 mm,8.1,12.9,429
537,18.99 ton,1260 mm,250 mm,7710 mm,4.1,5.9,323
507,15.96 ton,900 mm,250 mm,9070 mm,13.6,7.9,299
603,28.97 ton,1570 mm,250 mm,9440 mm,10.6,3.3,255
393,19.68 ton,1260 mm,250 mm,7990 mm,6.1,13.7,338
494,18.3 ton,1260 mm,250 mm,7490 mm,6.5,13,327
659,25.51 ton,1500 mm,250 mm,8700 mm,12.3,5,259
696,26.36 ton,1490 mm,250 mm,9050 mm,12.4,7.7,272
497,28 ton,1240 mm,250 mm,11550 mm,6.5,4.6,325
348,22.84 ton,1310 mm,250 mm,8920 mm,10,17.9,344
506,28.79 ton,1290 mm,250 mm,11640 mm,6.8,5.8,334
444,28.41 ton,1300 mm,250 mm,11180 mm,9,12.6,434
395,32.82 ton,1550 mm,250 mm,10830 mm,11.2,11.9,244
597,27.33 ton,1200 mm,250 mm,11650 mm,7,4.8,337
301,28.83 ton,1300 mm,246 mm,11530 mm,11,32.8,270
572,23.62 ton,1490 mm,250 mm,8110 mm,12.7,7.6,272
675,23.62 ton,1490 mm,250 mm,8110 mm,12.8,7.7,272
665,23.67 ton,1050 mm,250 mm,11700 mm,8.2,4.4,343
642,23.75 ton,1050 mm,250 mm,11570 mm,8.2,4.5,333
180,28.51 ton,1570 mm,246 mm,9440 mm,6.4,20.4,256
281,34.37 ton,1570 mm,246 mm,11380 mm,6.9,19.6,259
209,27.06 ton,1490 mm,246 mm,9440 mm,7.1,19.9,268
385,14.16 ton,1260 mm,250 mm,5750 mm,7.4,9.7,411
361,26.28 ton,1310 mm,250 mm,10260 mm,9.1,13.3,338
505,20 ton,1260 mm,250 mm,8120 mm,9.3,11.6,430
678,18.59 ton,1000 mm,250 mm,9510 mm,9.7,3,417
700,18.59 ton,1000 mm,250 mm,9510 mm,9.7,3.3,417
509,29.78 ton,1390 mm,250 mm,10960 mm,12.4,10.1,336
585,29.81 ton,1390 mm,250 mm,10970 mm,12.4,10.3,337
704,23.21 ton,1000 mm,250 mm,11870 mm,9.8,3.3,414
514,29.73 ton,1290 mm,250 mm,11790 mm,9.4,10.1,335
418,27.55 ton,1390 mm,250 mm,10140 mm,11.3,10,338
625,24.32 ton,1520 mm,250 mm,8320 mm,11.5,5.6,517
676,18.62 ton,1100 mm,250 mm,8660 mm,3.4,3.6,334
435,29.73 ton,1290 mm,250 mm,11790 mm,9.5,9.8,337
621,24.03 ton,1560 mm,250 mm,7980 mm,11.5,5.7,517
395,29.89 ton,1390 mm,250 mm,11000 mm,11.9,10.5,337
694,18.62 ton,1100 mm,250 mm,8660 mm,3.3,3.7,331
350,22.3 ton,1350 mm,250 mm,8450 mm,9.3,17.4,445
358,25.87 ton,1390 mm,250 mm,9520 mm,11.9,11,338
358,25.87 ton,1390 mm,250 mm,9520 mm,12,10.9,338
730,22.19 ton,1000 mm,250 mm,11350 mm,10,2.5,425
409,28.48 ton,1390 mm,250 mm,10480 mm,12.1,9.7,337
555,28.15 ton,1390 mm,250 mm,10360 mm,12.1,10.4,339
477,29.89 ton,1390 mm,250 mm,11000 mm,11.8,10,338
444,22.39 ton,1260 mm,250 mm,9090 mm,8.6,11.6,435
512,22.12 ton,1210 mm,250 mm,9350 mm,8.5,8.8,286
452,22.39 ton,1260 mm,250 mm,9090 mm,8.7,11.6,436
592,24.37 ton,1560 mm,250 mm,7990 mm,11.4,5.7,511
486,19.08 ton,1000 mm,250 mm,9760 mm,10.8,7.7,332
389,26.68 ton,1290 mm,250 mm,10580 mm,9.1,12.3,336
691,25.95 ton,1290 mm,250 mm,10290 mm,6.2,5.3,342
671,26.98 ton,1290 mm,250 mm,10700 mm,6.3,5.6,336
635,27.49 ton,1290 mm,250 mm,10900 mm,6.3,5.7,341
629,28.97 ton,1570 mm,250 mm,9440 mm,10.9,3.9,255
597,21.61 ton,1430 mm,250 mm,7730 mm,11.6,5.5,506
318,29.89 ton,1390 mm,250 mm,11000 mm,11.8,10.3,338
504,23.87 ton,1110 mm,250 mm,11000 mm,12.5,13.2,355
508,19.08 ton,1000 mm,250 mm,9760 mm,10.8,7.9,331
528,19.08 ton,1000 mm,250 mm,9760 mm,10.9,7.7,332
620,27.62 ton,1570 mm,250 mm,9000 mm,12.1,8.4,267
397,20 ton,1260 mm,250 mm,8120 mm,9.3,11.7,433
339,19.98 ton,1260 mm,250 mm,8110 mm,9.4,11.8,430
533,28 ton,1240 mm,250 mm,11550 mm,6.7,12.9,326
765,19.56 ton,1050 mm,250 mm,9530 mm,7.6,4.3,340
691,19.48 ton,1100 mm,250 mm,9270 mm,7.6,4.5,340
548,17.63 ton,1020 mm,250 mm,8840 mm,7.7,3.7,336
732,20.49 ton,1200 mm,250 mm,8920 mm,7.1,4.5,341
461,19.46 ton,1160 mm,250 mm,8850 mm,7.2,12.6,328
730,20.49 ton,1200 mm,250 mm,8920 mm,7.1,4.5,342
535,19.08 ton,1000 mm,250 mm,9760 mm,11,7.6,332
493,19.49 ton,1000 mm,250 mm,9970 mm,11.2,6.5,346
654,23.63 ton,1020 mm,250 mm,11850 mm,8,3.9,335
672,18.62 ton,1100 mm,250 mm,8660 mm,3.5,3.8,334
734,15.23 ton,1110 mm,250 mm,7020 mm,6.5,3,353
729,28.97 ton,1570 mm,250 mm,9440 mm,10.4,2.9,256
614,28.97 ton,1570 mm,250 mm,9440 mm,11,3.8,255
708,28.97 ton,1570 mm,250 mm,9440 mm,10.9,3.8,255
634,22.11 ton,1130 mm,250 mm,10010 mm,6.8,5.5,332
616,24.46 ton,1570 mm,250 mm,7970 mm,11.2,7.9,266
520,34.99 ton,1570 mm,250 mm,11400 mm,11.7,6.5,258
523,34.99 ton,1570 mm,250 mm,11400 mm,11.8,8.6,263
669,22.2 ton,1110 mm,250 mm,10230 mm,7.1,4.3,342
208,28.51 ton,1570 mm,246 mm,9440 mm,6.4,20.4,257
530,24.41 ton,1290 mm,250 mm,9680 mm,8.7,11.4,334
513,26.48 ton,1290 mm,250 mm,10500 mm,8.7,12.1,335
340,23.65 ton,1020 mm,250 mm,11860 mm,10.4,13.2,340
577,26.36 ton,1490 mm,250 mm,9050 mm,12.4,7.7,270
692,30.67 ton,1490 mm,250 mm,10530 mm,12.5,7.6,269
709,30.67 ton,1490 mm,250 mm,10530 mm,12.5,7.7,269
664,31.83 ton,1400 mm,250 mm,11630 mm,11.7,8.9,268
537,31.64 ton,1400 mm,250 mm,11560 mm,11.7,9.3,269
319,20.07 ton,1230 mm,250 mm,8520 mm,11.8,15.1,335
308,23.65 ton,1020 mm,250 mm,11860 mm,9.4,16.4,345
228,23.65 ton,1020 mm,250 mm,11860 mm,9.7,17.1,343
243,23.65 ton,1020 mm,250 mm,11860 mm,9.8,17.1,343
445,23.65 ton,1020 mm,250 mm,11860 mm,10.5,14.4,338
446,19.57 ton,1300 mm,250 mm,7700 mm,8.3,12.8,428
306,23.1 ton,1190 mm,250 mm,9930 mm,12.3,13.5,338
542,28.59 ton,1390 mm,250 mm,10520 mm,12.1,10.2,339
500,25.74 ton,1260 mm,250 mm,10450 mm,9.1,9.9,343
465,27.75 ton,1390 mm,250 mm,10210 mm,12.3,10.3,337
518,22.19 ton,1290 mm,250 mm,8800 mm,12.9,9.1,340
394,29.73 ton,1290 mm,250 mm,11790 mm,9.3,9.7,335
465,26.4 ton,1290 mm,250 mm,10470 mm,8.9,12.3,337
386,26.38 ton,1310 mm,250 mm,10300 mm,9,13.5,336
334,23.65 ton,1020 mm,250 mm,11860 mm,9.5,16.6,344
234,28.97 ton,1570 mm,250 mm,9440 mm,6.5,20.2,257
277,34.37 ton,1570 mm,246 mm,11380 mm,6.5,19.4,259
330,25.87 ton,1390 mm,250 mm,9520 mm,11.9,10.9,338
496,25.06 ton,1190 mm,250 mm,10770 mm,11.9,9.4,473
669,18.08 ton,1010 mm,250 mm,9390 mm,4.6,1.8,336
479,21.37 ton,1350 mm,250 mm,8250 mm,11.9,8.5,278
128,26 ton,1490 mm,246 mm,9070 mm,7.1,20.6,270
405,27.75 ton,1390 mm,250 mm,10210 mm,12.3,10.2,338
465,29.81 ton,1390 mm,250 mm,10970 mm,12.3,10,337
237,23.65 ton,1020 mm,250 mm,11860 mm,9.9,16.2,347
391,33.91 ton,1490 mm,250 mm,11640 mm,11.4,19.2,320
361,31.57 ton,1440 mm,244 mm,11490 mm,12.4,18.7,325
427,29.89 ton,1390 mm,250 mm,11000 mm,11.2,9.5,337
369,25 ton,1390 mm,250 mm,9200 mm,6.6,18.3,291
295,25.79 ton,1120 mm,250 mm,11780 mm,6.5,9.1,262
500,19.39 ton,1300 mm,250 mm,7630 mm,7.7,11.4,432
444,15.66 ton,1040 mm,250 mm,7700 mm,13.7,9.5,329
449,34.78 ton,1500 mm,250 mm,11860 mm,13.8,6.6,252
475,34.99 ton,1570 mm,250 mm,11400 mm,13.9,7.9,249
357,19.59 ton,1300 mm,250 mm,7710 mm,7.9,12.3,428
583,29.81 ton,1390 mm,250 mm,10970 mm,12.4,10.2,336
382,19.59 ton,1300 mm,250 mm,7710 mm,8.2,12.7,429
590,21.99 ton,1240 mm,250 mm,9070 mm,10.4,4.8,500
572,18.45 ton,1260 mm,250 mm,7490 mm,5.9,12.3,327
392,19.37 ton,1090 mm,250 mm,9090 mm,7.8,13.2,328
414,19.37 ton,1090 mm,250 mm,9090 mm,7.9,13.5,327
545,23.63 ton,1020 mm,250 mm,11850 mm,8.2,4.1,332
436,28.78 ton,1240 mm,250 mm,11870 mm,13.8,10.9,323
558,22.05 ton,1180 mm,250 mm,9560 mm,9.9,2.8,493
607,20.5 ton,1200 mm,250 mm,8740 mm,7.1,4.6,344
366,22.9 ton,1290 mm,250 mm,9080 mm,9.8,17.2,340
356,19.46 ton,1210 mm,250 mm,8400 mm,7.3,13.1,327
292,34.36 ton,1570 mm,246 mm,11560 mm,8.7,13.8,269
631,17.71 ton,1050 mm,250 mm,8710 mm,7.7,3.9,338
446,28.77 ton,1520 mm,250 mm,9680 mm,12.1,7.8,267
625,23.18 ton,1260 mm,250 mm,9410 mm,13.1,8.5,339
418,23.65 ton,1020 mm,250 mm,11860 mm,11.2,15.5,342
593,29.1 ton,1570 mm,250 mm,9480 mm,14.4,7.9,253
585,24.46 ton,1570 mm,250 mm,7970 mm,11.5,8.2,263
415,25.55 ton,1530 mm,246 mm,8680 mm,14.6,16.8,300
224,22.99 ton,1020 mm,250 mm,11530 mm,10.6,16.7,337
661,24.38 ton,1180 mm,250 mm,10570 mm,11.2,3.4,537
456,28.41 ton,1300 mm,250 mm,11180 mm,8.8,12.6,435
218,23.16 ton,1290 mm,250 mm,9290 mm,11.3,16.2,327
409,17.88 ton,1200 mm,250 mm,7620 mm,9.8,9.6,294
423,14.74 ton,1000 mm,250 mm,7540 mm,4.8,7.2,318
301,34.37 ton,1570 mm,246 mm,11380 mm,6.7,19.6,258
536,19.39 ton,1260 mm,250 mm,7870 mm,7.8,11.4,431
416,24.02 ton,1300 mm,250 mm,9450 mm,7.3,5.4,299
685,18.07 ton,960 mm,250 mm,9630 mm,4.6,1.5,336
594,29.15 ton,1500 mm,250 mm,9940 mm,10.3,13.4,316
647,16.76 ton,1010 mm,250 mm,8490 mm,3.6,2.8,347
685,16.76 ton,1010 mm,250 mm,8490 mm,3.7,2.9,347
529,15.8 ton,1000 mm,250 mm,8080 mm,4.6,7,320
544,22.85 ton,1290 mm,250 mm,9060 mm,5.5,4.2,358
642,16.63 ton,1010 mm,250 mm,8420 mm,9.9,2.1,338
267,18.35 ton,900 mm,250 mm,10430 mm,9.9,10,301
578,16.66 ton,1000 mm,250 mm,8520 mm,3.5,5.8,319
775,18.07 ton,960 mm,250 mm,9630 mm,4.8,1.8,336
743,18.07 ton,960 mm,250 mm,9630 mm,4.9,2,337
773,18.15 ton,960 mm,250 mm,9670 mm,4.9,2,336
408,29.89 ton,1290 mm,250 mm,11850 mm,5.3,5.3,354
561,22.15 ton,1180 mm,250 mm,9600 mm,10.4,3.1,495
498,19.57 ton,1300 mm,250 mm,7700 mm,8,12.3,428
452,19.59 ton,1300 mm,250 mm,7710 mm,8.1,13,429
359,21.8 ton,1380 mm,250 mm,8080 mm,10.9,16.2,434
652,24.11 ton,1370 mm,250 mm,9000 mm,12.9,8,327
376,29.2 ton,1290 mm,250 mm,11580 mm,10.1,11,254
759,15.71 ton,960 mm,250 mm,8370 mm,4.7,0.6,334
712,23.2 ton,1240 mm,250 mm,9570 mm,5.7,2.4,355
608,21.8 ton,1270 mm,250 mm,8780 mm,5.7,10.8,437
360,12.81 ton,990 mm,250 mm,6620 mm,4.4,14.5,325
345,13.08 ton,1000 mm,250 mm,6690 mm,4.5,7.4,339
314,29.07 ton,1260 mm,250 mm,11800 mm,6.9,18,529
541,30.09 ton,1300 mm,250 mm,11840 mm,12.8,11,352
532,23.08 ton,1260 mm,250 mm,9370 mm,13.1,8.4,339
500,22.55 ton,980 mm,250 mm,11770 mm,7.6,4.1,292
375,23.87 ton,1040 mm,250 mm,11740 mm,8.3,12.9,328
308,19.78 ton,1040 mm,250 mm,9730 mm,8.5,13.2,336
536,28.78 ton,1240 mm,250 mm,11870 mm,6.8,5.6,335
550,29.71 ton,1290 mm,250 mm,11780 mm,8.9,5.7,529
513,29.73 ton,1290 mm,250 mm,11790 mm,9.1,5.9,525
650,22.05 ton,1180 mm,250 mm,9560 mm,9.9,3,496
309,19.78 ton,1040 mm,250 mm,9730 mm,8.5,13.5,336
647,22.05 ton,1180 mm,250 mm,9560 mm,10.5,3.3,495
522,22.05 ton,1180 mm,250 mm,9560 mm,10.5,4.4,490
624,16.88 ton,950 mm,250 mm,9090 mm,11.6,4.3,343
461,11.91 ton,1000 mm,250 mm,6090 mm,4.5,7.6,338
607,28.97 ton,1570 mm,250 mm,9440 mm,10.3,3.4,255
555,28.97 ton,1570 mm,250 mm,9440 mm,10.4,3.1,255
209,29.66 ton,1290 mm,250 mm,11760 mm,10.1,17.3,336
436,29.71 ton,1290 mm,250 mm,11780 mm,9.2,6.4,517
574,26.88 ton,1290 mm,250 mm,10660 mm,9.3,5.9,525
455,30.94 ton,1340 mm,250 mm,11810 mm,9.5,11.8,529
564,24.46 ton,1570 mm,250 mm,7970 mm,11.2,7.8,266
507,22.08 ton,1210 mm,250 mm,9450 mm,10.3,4.5,491
390,31.5 ton,1510 mm,250 mm,10670 mm,15.2,12.7,330
558,28.09 ton,1290 mm,250 mm,11140 mm,8.7,5.2,527
500,34.99 ton,1570 mm,250 mm,11400 mm,14.5,7.9,249
608,21.11 ton,1240 mm,250 mm,8710 mm,9.5,4.7,546
483,26.88 ton,1290 mm,250 mm,10660 mm,9.5,5.6,522
495,16.88 ton,950 mm,250 mm,9090 mm,11.8,4.6,344
351,22.42 ton,1260 mm,250 mm,9100 mm,8.5,11.7,438
503,22.42 ton,1260 mm,250 mm,9100 mm,8.5,11.8,436
502,18.76 ton,1180 mm,250 mm,8130 mm,10.9,4.5,542
574,31.83 ton,1400 mm,250 mm,11630 mm,11.7,8.9,269
366,19.08 ton,1000 mm,250 mm,9760 mm,10.7,7.9,332
607,20.31 ton,1240 mm,250 mm,8380 mm,11.1,6.4,545
467,22.39 ton,1260 mm,250 mm,9090 mm,8.6,11.7,436
333,22.99 ton,1020 mm,250 mm,11530 mm,11.1,16.9,337
366,22.99 ton,1020 mm,250 mm,11530 mm,10.7,16.5,343
534,22.39 ton,1260 mm,250 mm,9090 mm,8.7,11.6,436
345,24.95 ton,1150 mm,244 mm,11370 mm,11.4,12.9,314
306,22.99 ton,1020 mm,250 mm,11530 mm,11.1,17,337
242,22.79 ton,1390 mm,250 mm,8510 mm,10.3,11.5,343
432,24.36 ton,1290 mm,250 mm,9660 mm,10.4,10.1,338
449,29.71 ton,1290 mm,250 mm,11780 mm,9.2,6.5,518
630,26.86 ton,1290 mm,250 mm,10650 mm,9.3,5.6,523
426,22.39 ton,1260 mm,250 mm,9090 mm,8.8,11.5,435
488,19.59 ton,1300 mm,250 mm,7710 mm,8,12.8,429
392,28.41 ton,1300 mm,250 mm,11180 mm,8.9,12.9,434
639,21.17 ton,1290 mm,250 mm,8560 mm,9.4,5.3,535
602,21.17 ton,1290 mm,250 mm,8560 mm,9.4,5.3,540
653,19.95 ton,1240 mm,250 mm,8230 mm,9.5,4.5,544
312,22.99 ton,1020 mm,250 mm,11530 mm,10.8,17,337
615,25.07 ton,1240 mm,250 mm,10340 mm,9.7,4.6,491
442,20 ton,1260 mm,250 mm,8120 mm,9.5,12.1,429
409,23.65 ton,1020 mm,250 mm,11860 mm,11.2,15.6,342
377,23.65 ton,1020 mm,250 mm,11860 mm,11.3,15.8,344
571,22.15 ton,1180 mm,250 mm,9600 mm,10,2.6,482
524,17.88 ton,1200 mm,250 mm,7620 mm,9.8,9.7,297
410,18.59 ton,1000 mm,250 mm,9510 mm,9.9,6.6,418
370,30.02 ton,1390 mm,250 mm,11250 mm,11.5,12.3,325
423,19.59 ton,1300 mm,250 mm,7710 mm,8.3,13.1,428
655,22.05 ton,1180 mm,250 mm,9560 mm,10.8,4.2,494
593,24.38 ton,1180 mm,250 mm,10570 mm,11.4,3.7,537
611,29.89 ton,1290 mm,250 mm,11850 mm,5.5,5.3,355
429,32.76 ton,1420 mm,250 mm,11800 mm,11.3,14.8,527
598,22.05 ton,1180 mm,250 mm,9560 mm,10.7,4.7,492
473,19.39 ton,1260 mm,250 mm,7870 mm,7.8,11.2,431
617,18.76 ton,1180 mm,250 mm,8130 mm,10.9,4.6,540
292,19.62 ton,1120 mm,250 mm,8960 mm,9.3,20.7,344
667,18.07 ton,960 mm,250 mm,9630 mm,4.6,1.4,336
348,19.12 ton,1000 mm,250 mm,9780 mm,11.4,11.6,327
393,19.12 ton,1000 mm,250 mm,9780 mm,11.7,11.7,328
451,18.76 ton,1240 mm,250 mm,7740 mm,11,6.5,543
451,16.98 ton,900 mm,250 mm,9650 mm,4.9,11.7,302
445,16.98 ton,900 mm,250 mm,9650 mm,4.9,11.6,303
384,19.08 ton,1000 mm,250 mm,9760 mm,12.7,11.7,332
400,24.24 ton,1290 mm,250 mm,9610 mm,10.3,10.6,337
265,22.77 ton,1310 mm,250 mm,8890 mm,10.3,18.4,343
543,29.73 ton,1290 mm,250 mm,11790 mm,9.1,6.2,525
637,24.38 ton,1180 mm,250 mm,10570 mm,11.4,3.6,536
366,18.09 ton,900 mm,246 mm,10450 mm,10.3,9.9,300
346,19.57 ton,1290 mm,250 mm,7760 mm,10.6,17.8,343
341,34.42 ton,1560 mm,246 mm,11470 mm,9.4,8.8,257
524,29 ton,1500 mm,250 mm,9890 mm,10.2,13.4,318
493,17.82 ton,900 mm,250 mm,10130 mm,10.6,7.5,309
451,19.12 ton,1000 mm,250 mm,9780 mm,11.8,11.8,327
404,19.08 ton,1000 mm,250 mm,9760 mm,12.4,10.8,331
572,22.61 ton,1370 mm,250 mm,8440 mm,13.5,7.7,335
610,16.76 ton,1010 mm,250 mm,8490 mm,5.2,2.4,345
427,19.08 ton,1000 mm,250 mm,9760 mm,12.7,11.5,331
500,19.95 ton,1240 mm,250 mm,8230 mm,9.4,4.5,532
323,22.19 ton,1000 mm,250 mm,11350 mm,6.1,23.6,418
580,17.82 ton,900 mm,250 mm,10130 mm,10.4,7.2,307
412,18.35 ton,900 mm,250 mm,10430 mm,10,9.6,300
378,18.09 ton,900 mm,246 mm,10450 mm,10.2,9.9,299
381,19.12 ton,1000 mm,250 mm,9780 mm,12.2,11.8,327
321,19.08 ton,1000 mm,250 mm,9760 mm,12.3,13.1,330
708,16.63 ton,1010 mm,250 mm,8420 mm,9.8,2,338
387,18.35 ton,900 mm,250 mm,10430 mm,10,7.3,309
350,18.35 ton,900 mm,250 mm,10430 mm,10,9.5,300
725,29.67 ton,1330 mm,250 mm,11410 mm,8.6,4.5,430
394,18.06 ton,900 mm,246 mm,10430 mm,10.2,10.2,300
548,16.65 ton,1010 mm,250 mm,8430 mm,9,3,347
700,16.65 ton,1010 mm,250 mm,8430 mm,9,3.1,346
594,16.66 ton,1000 mm,250 mm,8520 mm,3.4,5.8,321
581,34.98 ton,1510 mm,250 mm,11850 mm,10.3,5.5,280
629,22.04 ton,1240 mm,250 mm,9090 mm,10.2,4.7,502
124,27.73 ton,1380 mm,246 mm,10640 mm,7.2,15.7,291
446,30.87 ton,1470 mm,250 mm,10890 mm,15.4,12.5,333
546,22.61 ton,1370 mm,250 mm,8440 mm,12.7,7.6,327
497,24.11 ton,1370 mm,250 mm,9000 mm,12.7,8.2,332
610,24.11 ton,1370 mm,250 mm,9000 mm,12.8,8,327
432,22.61 ton,1370 mm,250 mm,8440 mm,12.7,7.6,330
352,21.83 ton,1380 mm,250 mm,8090 mm,10.9,16.2,435
571,23.08 ton,1290 mm,250 mm,9150 mm,11.1,7.2,541
559,19.08 ton,1000 mm,250 mm,9760 mm,10.9,7.7,332
618,31.83 ton,1400 mm,250 mm,11630 mm,11.6,8.7,275
518,22.23 ton,1260 mm,246 mm,9170 mm,7.5,11,316
651,22.03 ton,1240 mm,250 mm,9200 mm,10.3,4.7,490
512,19.08 ton,1000 mm,250 mm,9760 mm,11.1,7.7,332
357,28.94 ton,1500 mm,250 mm,9870 mm,10.2,13.6,344
463,22.61 ton,1370 mm,250 mm,8440 mm,13.1,7.9,340
541,22.02 ton,1370 mm,250 mm,8220 mm,13.3,8.2,340
554,23.28 ton,1220 mm,250 mm,9760 mm,13.5,9.8,543
376,24.92 ton,1230 mm,250 mm,10490 mm,8.3,12.4,264
343,22.19 ton,1000 mm,250 mm,11350 mm,6,24,426
401,19.12 ton,1000 mm,250 mm,9780 mm,12.1,12,328
569,22.77 ton,1400 mm,250 mm,8320 mm,15.3,8,262
421,24.65 ton,1330 mm,250 mm,9480 mm,15.2,11.3,328
338,16.98 ton,900 mm,250 mm,9650 mm,4.5,10.9,302
187,21.59 ton,960 mm,246 mm,11690 mm,10,20,320
458,26.88 ton,1290 mm,250 mm,10660 mm,9.2,5.5,530
673,22.61 ton,1370 mm,250 mm,8440 mm,13.4,7.8,331
727,22.61 ton,1370 mm,250 mm,8440 mm,13.5,7.8,331
468,33.74 ton,1460 mm,250 mm,11820 mm,8.4,7.8,276
549,22.12 ton,1170 mm,250 mm,9670 mm,7,6.4,327
652,29.66 ton,1290 mm,250 mm,11760 mm,5.2,4.3,259
369,19.08 ton,1000 mm,250 mm,9760 mm,12.4,11.3,331
429,19.08 ton,1000 mm,250 mm,9760 mm,12.5,10.8,332
521,25.07 ton,1240 mm,250 mm,10340 mm,9.7,4.6,497
673,22.61 ton,1370 mm,250 mm,8440 mm,13.5,8.1,331
513,22.66 ton,1370 mm,250 mm,8460 mm,13.7,7.8,329
565,22.66 ton,1370 mm,250 mm,8460 mm,14,8.2,329
521,31.98 ton,1420 mm,250 mm,11520 mm,6.8,4,275
749,31.98 ton,1420 mm,250 mm,11520 mm,6.7,3.8,273
701,22.05 ton,1180 mm,250 mm,9560 mm,9.9,2.9,495
595,18.59 ton,1000 mm,250 mm,9510 mm,9.6,3,416
630,22.15 ton,1180 mm,250 mm,9600 mm,10,2.6,482
649,34.98 ton,1510 mm,250 mm,11850 mm,10.2,5.4,278
308,19.12 ton,1000 mm,250 mm,9780 mm,11.5,11.6,327
336,18.1 ton,1000 mm,250 mm,9260 mm,12.7,12,330
386,18.1 ton,1000 mm,250 mm,9260 mm,12.7,11.9,331
339,30.98 ton,1540 mm,250 mm,10290 mm,10.1,9.7,318
453,19.12 ton,1000 mm,250 mm,9780 mm,11.6,11.4,328
628,22.05 ton,1180 mm,250 mm,9560 mm,10.7,4.7,492
329,18.35 ton,900 mm,250 mm,10430 mm,6.4,13.7,301
429,20.34 ton,900 mm,250 mm,11560 mm,6.5,12.5,301
424,20.34 ton,900 mm,250 mm,11560 mm,6.5,12.5,301
315,18.35 ton,900 mm,250 mm,10430 mm,6.4,11.4,310
304,18.35 ton,900 mm,250 mm,10430 mm,6.4,13.7,303
621,20.05 ton,1180 mm,250 mm,8690 mm,10.8,4.2,495
500,16.88 ton,950 mm,250 mm,9090 mm,11.5,5.8,343
642,16.76 ton,1010 mm,250 mm,8490 mm,5.3,2.6,343
553,29.89 ton,1290 mm,250 mm,11850 mm,5.3,4.7,350
499,17.11 ton,1000 mm,250 mm,8750 mm,4.3,6.3,360
305,30.73 ton,1510 mm,250 mm,10410 mm,15.2,12.6,330
605,20.31 ton,1240 mm,250 mm,8380 mm,11,6.3,542
590,25.05 ton,1290 mm,250 mm,10050 mm,5.5,3.2,270
593,20.31 ton,1240 mm,250 mm,8380 mm,11.1,6.5,544
372,26.95 ton,1200 mm,244 mm,11770 mm,11.2,13.2,314
247,18.63 ton,950 mm,250 mm,10030 mm,15,15.9,332
625,22.61 ton,1370 mm,250 mm,8440 mm,13.8,8.4,341
353,23.28 ton,1290 mm,250 mm,9230 mm,10.1,9.8,534
576,23.28 ton,1290 mm,250 mm,9230 mm,10.1,9.9,534
548,22.35 ton,1460 mm,250 mm,7830 mm,9.2,8.9,277
586,22.61 ton,1370 mm,250 mm,8440 mm,13.7,8.3,331
313,21.59 ton,960 mm,246 mm,11690 mm,9.5,10.9,321
611,16.63 ton,1010 mm,250 mm,8420 mm,9.7,2.8,352
364,18.65 ton,1000 mm,250 mm,9540 mm,14.8,20.2,320
615,16.88 ton,950 mm,250 mm,9090 mm,11.7,4.6,343
444,31.68 ton,1370 mm,250 mm,11830 mm,14.5,11.5,328
343,18.35 ton,900 mm,250 mm,10430 mm,4.3,12,300
250,18.72 ton,950 mm,250 mm,10080 mm,14.8,15.3,332
432,18.35 ton,900 mm,250 mm,10430 mm,4.3,10,300
641,16.63 ton,1010 mm,250 mm,8420 mm,9.4,2.2,349
345,17.88 ton,1200 mm,250 mm,7620 mm,9.9,9.8,296
465,21.63 ton,1200 mm,250 mm,9220 mm,9.9,9.9,296
488,17.82 ton,900 mm,250 mm,10130 mm,10.7,7.7,308
646,29.89 ton,1290 mm,250 mm,11850 mm,5.4,4.9,350
590,26.88 ton,1240 mm,250 mm,11090 mm,5.6,1.2,360
698,16.76 ton,1010 mm,250 mm,8490 mm,9.3,0.7,339
607,16.63 ton,1010 mm,250 mm,8420 mm,9.4,2.1,349
285,18.35 ton,900 mm,250 mm,10430 mm,4.2,11.7,301
415,18.35 ton,900 mm,250 mm,10430 mm,4.2,11.9,302
522,33.48 ton,1460 mm,250 mm,11730 mm,7.5,8.2,444
458,18.35 ton,900 mm,250 mm,10430 mm,4.3,10,300
463,22.61 ton,1370 mm,250 mm,8440 mm,7.7,10.5,330
624,25.07 ton,1240 mm,250 mm,10340 mm,9.7,4.4,495
367,18.35 ton,900 mm,250 mm,10430 mm,4.2,11.7,300
356,18.35 ton,900 mm,250 mm,10430 mm,4.3,9.9,300
523,17.82 ton,900 mm,250 mm,10130 mm,10.5,7.8,307
598,29.89 ton,1290 mm,250 mm,11850 mm,5.4,5.1,354
328,22.19 ton,1000 mm,250 mm,11350 mm,6,23.9,424
584,29.48 ton,1290 mm,250 mm,11690 mm,5.8,4.8,350
461,28.33 ton,1260 mm,250 mm,11500 mm,13.6,13.6,255
542,23.23 ton,1290 mm,250 mm,9210 mm,11.7,7.4,537
593,22.04 ton,1240 mm,250 mm,9090 mm,10.1,4.7,503
368,18.35 ton,900 mm,250 mm,10430 mm,4.2,11.8,300
473,19.08 ton,1000 mm,250 mm,9760 mm,10.9,7.6,332
372,19.68 ton,1330 mm,250 mm,7570 mm,12.5,16.2,443
617,22.61 ton,1370 mm,250 mm,8440 mm,13.1,7.5,336
474,19.12 ton,1000 mm,250 mm,9780 mm,11.8,11.7,327
444,22.61 ton,1370 mm,250 mm,8440 mm,13.5,7.7,335
309,29.61 ton,1290 mm,250 mm,11740 mm,10,11.2,252
439,24.68 ton,1350 mm,250 mm,9350 mm,7.7,6.2,497
416,16.98 ton,900 mm,250 mm,9650 mm,5,11.6,303
583,16.88 ton,950 mm,250 mm,9090 mm,11.8,4.6,342
229,24.25 ton,1340 mm,250 mm,9360 mm,10.5,21,485
182,18.09 ton,960 mm,250 mm,9640 mm,9.9,20.4,344
416,29.19 ton,1430 mm,250 mm,10440 mm,10.4,5.5,436
455,34.89 ton,1510 mm,250 mm,11820 mm,10.1,5,275
636,16.76 ton,1010 mm,250 mm,8490 mm,9.6,1.3,339
564,19.08 ton,1000 mm,250 mm,9760 mm,10.8,7.8,332
285,21.59 ton,960 mm,246 mm,11690 mm,4,14.1,322
425,22.66 ton,1370 mm,250 mm,8460 mm,14,8.8,335
377,31.68 ton,1370 mm,250 mm,11830 mm,14.4,11.3,329
428,31.68 ton,1370 mm,250 mm,11830 mm,14.4,11.3,329
733,16.76 ton,1010 mm,250 mm,8490 mm,3.6,2.7,347
194,18.61 ton,950 mm,250 mm,10020 mm,14.9,15.6,332
218,20.85 ton,1180 mm,250 mm,9040 mm,14,10.5,530
615,22.61 ton,1370 mm,250 mm,8440 mm,13.6,9,329
488,22.61 ton,1370 mm,250 mm,8440 mm,13.7,8,335
649,24.11 ton,1370 mm,250 mm,9000 mm,13.2,8.5,327
201,18.65 ton,1000 mm,250 mm,9540 mm,14.9,20.6,321
483,22.61 ton,1370 mm,250 mm,8440 mm,14.2,9.5,330
349,22.19 ton,1000 mm,250 mm,11350 mm,6.3,24.5,426
361,24.66 ton,1380 mm,250 mm,9140 mm,11.8,17,434
471,22.96 ton,1420 mm,250 mm,8390 mm,9.9,11.6,548
275,18.72 ton,950 mm,250 mm,10080 mm,14.8,15.3,332
702,16.63 ton,1010 mm,250 mm,8420 mm,9.4,2.3,349
527,17.82 ton,900 mm,250 mm,10130 mm,10.6,7.7,307
320,28.14 ton,1460 mm,246 mm,10020 mm,8.5,12.3,303
376,28.97 ton,1260 mm,250 mm,11760 mm,13.4,13.5,259
500,31.89 ton,1400 mm,250 mm,11650 mm,9,9.5,294
522,22.61 ton,1370 mm,250 mm,8440 mm,8.6,11.5,330
618,28.82 ton,1400 mm,250 mm,10530 mm,9.3,8.8,519
567,28.77 ton,1400 mm,250 mm,10510 mm,9.2,8.5,519
522,31.67 ton,1400 mm,250 mm,11570 mm,9.1,8.6,483
563,28.82 ton,1400 mm,250 mm,10530 mm,9.1,8.7,508
583,22.61 ton,1370 mm,250 mm,8440 mm,13.7,8.1,336
587,22.02 ton,1370 mm,250 mm,8220 mm,14,9,341
368,22.55 ton,1370 mm,250 mm,8420 mm,14.4,11.1,328
418,24.24 ton,1450 mm,250 mm,8550 mm,7,7.4,512
553,33.68 ton,1460 mm,250 mm,11800 mm,7.2,8,442
604,20.06 ton,1350 mm,250 mm,7600 mm,9,8.1,464
323,26.66 ton,1570 mm,246 mm,8940 mm,7.4,14.6,244
708,32.11 ton,1570 mm,250 mm,10460 mm,10.2,3.2,327
558,34.78 ton,1570 mm,250 mm,11330 mm,10.3,5.7,331
656,30.51 ton,1570 mm,250 mm,9940 mm,10.7,4.8,334
661,32.11 ton,1570 mm,250 mm,10460 mm,9.9,3,327
386,22.96 ton,1420 mm,250 mm,8270 mm,9.8,12.6,537
553,22.35 ton,1460 mm,250 mm,7830 mm,9.1,8.4,277
428,21.07 ton,1150 mm,250 mm,9370 mm,11.2,10.2,538
419,26.1 ton,1420 mm,250 mm,9400 mm,9.4,11.8,516
620,23.39 ton,1290 mm,250 mm,9420 mm,10.6,9.7,540
451,22.06 ton,1150 mm,250 mm,9810 mm,11,11.2,537
380,21.9 ton,1330 mm,250 mm,8550 mm,12.5,16.1,436
536,27.67 ton,1290 mm,250 mm,10970 mm,13.7,10.3,339
696,18.62 ton,1100 mm,250 mm,8660 mm,2.9,3,335
350,14.08 ton,1050 mm,250 mm,6860 mm,4.6,8.1,448
668,22.02 ton,1370 mm,250 mm,8220 mm,13.9,8.9,340
557,22.66 ton,1370 mm,250 mm,8460 mm,14.3,9.3,327
442,16.88 ton,950 mm,250 mm,9090 mm,11.8,6.2,343
611,16.88 ton,950 mm,250 mm,9090 mm,11.8,4.6,343
410,15.62 ton,1050 mm,250 mm,7610 mm,5.3,8.2,461
416,18.35 ton,900 mm,250 mm,10430 mm,10.1,9,301
301,18.72 ton,950 mm,250 mm,10080 mm,14.8,15.4,332
624,16.65 ton,1010 mm,250 mm,8430 mm,9.7,3.7,342
451,24.07 ton,1240 mm,250 mm,9930 mm,14,13.5,548
514,17.88 ton,1200 mm,250 mm,7620 mm,9.8,9.7,297
413,20.36 ton,1240 mm,250 mm,8400 mm,14.1,14.1,543
522,22.05 ton,1180 mm,250 mm,9560 mm,10.7,4,495
361,22.61 ton,1370 mm,250 mm,8440 mm,7.6,10.4,330
352,20.36 ton,1240 mm,250 mm,8400 mm,14.1,14.2,544
298,18.65 ton,1000 mm,250 mm,9540 mm,14.2,18,323
834,18.07 ton,960 mm,250 mm,9630 mm,4.7,1.5,336
280,27.86 ton,1440 mm,244 mm,10320 mm,12.5,16.9,291
366,31.9 ton,1390 mm,250 mm,11740 mm,12.7,7.5,322
298,17.07 ton,950 mm,250 mm,9190 mm,14.5,16.7,329
635,22.12 ton,1170 mm,250 mm,9670 mm,7,6.3,328
507,22.2 ton,1110 mm,250 mm,10230 mm,7,4.2,341
560,22.2 ton,1130 mm,250 mm,10140 mm,7.1,4.6,342
226,18.65 ton,1000 mm,250 mm,9540 mm,14.2,17.8,323
585,18.76 ton,1180 mm,250 mm,8130 mm,11,4.7,541
442,14.82 ton,1000 mm,250 mm,7580 mm,4.7,7.1,315
225,17.07 ton,950 mm,250 mm,9190 mm,14.4,16.3,328
309,17.07 ton,950 mm,250 mm,9190 mm,14.7,17.1,329
297,21.59 ton,960 mm,246 mm,11690 mm,4,13.8,321
289,17.07 ton,950 mm,250 mm,9190 mm,14.8,17.2,329
328,31.63 ton,1570 mm,244 mm,10560 mm,7.4,14.9,249
399,18.65 ton,1000 mm,250 mm,9540 mm,14.8,18.5,322
332,22.19 ton,1000 mm,250 mm,11350 mm,6.1,23.5,418
466,17.82 ton,900 mm,250 mm,10130 mm,10.4,7.5,307
513,17.82 ton,900 mm,250 mm,10130 mm,10.5,9.2,300
621,16.78 ton,1010 mm,250 mm,8500 mm,3.9,2.6,355
277,21.59 ton,960 mm,246 mm,11690 mm,3.9,13.4,320
448,33.48 ton,1460 mm,250 mm,11770 mm,7.5,8,465
481,17.82 ton,900 mm,250 mm,10130 mm,10.6,7.8,308
394,17.82 ton,900 mm,250 mm,10130 mm,10.6,7.5,307
718,16.76 ton,1010 mm,250 mm,8490 mm,9.5,1.1,339
583,27.99 ton,1290 mm,250 mm,11100 mm,5.3,3.5,265
657,16.78 ton,1010 mm,250 mm,8500 mm,3.5,1.6,356
746,16.76 ton,1010 mm,250 mm,8490 mm,9.7,1.6,339
580,16.63 ton,1010 mm,250 mm,8420 mm,9.7,2.7,349
386,18.35 ton,900 mm,250 mm,10430 mm,4.1,11.6,301
592,29.66 ton,1290 mm,250 mm,11760 mm,5.3,4.4,255
562,18 ton,1350 mm,250 mm,6820 mm,7.7,2.8,494
752,18.17 ton,960 mm,250 mm,9680 mm,4.7,1.5,336
386,18.35 ton,900 mm,250 mm,10430 mm,4.1,11.5,300
699,18.16 ton,1010 mm,250 mm,9430 mm,4.8,2,336
624,15.8 ton,1000 mm,250 mm,8080 mm,4.6,7,320
543,14.82 ton,1000 mm,250 mm,7580 mm,4.7,7.1,315
569,17.82 ton,900 mm,250 mm,10130 mm,10.5,7.6,308
394,16.98 ton,900 mm,250 mm,9650 mm,4.6,11.1,303
305,16.98 ton,900 mm,250 mm,9650 mm,4.7,11,300
437,16.98 ton,900 mm,250 mm,9650 mm,4.7,10.9,300
674,16.76 ton,1010 mm,250 mm,8490 mm,9.8,1.9,340
666,22.12 ton,1180 mm,250 mm,9590 mm,10,2.5,482
640,22.03 ton,1210 mm,250 mm,9430 mm,10.2,4.3,492
632,16.63 ton,1010 mm,250 mm,8420 mm,9.9,2.2,338
462,18.35 ton,900 mm,250 mm,10430 mm,10.2,10,299
360,18.35 ton,900 mm,250 mm,10430 mm,10,10,301
681,16.76 ton,1010 mm,250 mm,8490 mm,3.8,3.4,347
801,18.17 ton,960 mm,250 mm,9680 mm,4.6,1.6,336
599,32.07 ton,1570 mm,250 mm,10450 mm,9,2.4,327
596,16.76 ton,1010 mm,250 mm,8490 mm,3.7,3.1,347
705,16.76 ton,1010 mm,250 mm,8490 mm,3.8,3.2,347
370,19.08 ton,1000 mm,250 mm,9760 mm,12.4,11.2,331
351,33.31 ton,1490 mm,246 mm,11740 mm,8.5,12.8,304
330,16.98 ton,900 mm,250 mm,9650 mm,5,11.3,302
359,24.93 ton,1090 mm,250 mm,11700 mm,7.4,14,325
510,31.73 ton,1380 mm,250 mm,11760 mm,7.8,4.9,303
664,22.05 ton,1180 mm,250 mm,9560 mm,10.8,4,494
602,20.05 ton,1240 mm,250 mm,8270 mm,9.7,5.3,490
635,18.76 ton,1180 mm,250 mm,8130 mm,10.9,4.7,540
552,24.36 ton,1180 mm,250 mm,10560 mm,11.2,3.3,536
586,23.09 ton,1370 mm,250 mm,8620 mm,13.2,8.6,330
625,22.61 ton,1370 mm,250 mm,8440 mm,13.3,8,332
677,22.61 ton,1370 mm,250 mm,8440 mm,13.3,8,332
603,22.59 ton,1260 mm,250 mm,9170 mm,9.2,8,325
564,22.59 ton,1260 mm,250 mm,9170 mm,9.2,8.1,325
588,22.12 ton,1180 mm,250 mm,9590 mm,9.9,2.3,483
509,22.04 ton,1240 mm,250 mm,9090 mm,10,4.6,503
238,29.11 ton,1410 mm,250 mm,10560 mm,7.5,17.5,313
541,16.76 ton,1010 mm,250 mm,8490 mm,3.7,3,347
356,16.98 ton,900 mm,250 mm,9650 mm,4.9,11.5,302
577,22.11 ton,1130 mm,250 mm,10010 mm,6.9,5.8,331
339,26.1 ton,1190 mm,250 mm,11220 mm,12.1,9.2,456
660,22.15 ton,1180 mm,250 mm,9600 mm,10.1,2.4,482
623,22.05 ton,1180 mm,250 mm,9560 mm,10.5,3.4,493
535,22.66 ton,1370 mm,250 mm,8460 mm,14.1,8.3,330
453,16.98 ton,900 mm,250 mm,9650 mm,4.8,11.7,302
400,26.97 ton,1180 mm,250 mm,11690 mm,9.7,10.7,272
502,33.37 ton,1450 mm,250 mm,11770 mm,7.4,7.7,465
596,31.67 ton,1400 mm,250 mm,11570 mm,9.8,9.4,486
579,20.96 ton,1350 mm,250 mm,7940 mm,9.9,5.6,496
310,16.98 ton,900 mm,250 mm,9650 mm,5.1,12,303
365,20.34 ton,900 mm,250 mm,11560 mm,6.6,12.5,300
425,20.34 ton,900 mm,250 mm,11560 mm,6.8,12.9,300
688,25.17 ton,1290 mm,250 mm,9980 mm,8.4,2.2,344
541,29.8 ton,1330 mm,250 mm,11460 mm,8.4,4.8,430
479,22.69 ton,1370 mm,250 mm,8470 mm,8,10.5,332
400,28.6 ton,1540 mm,250 mm,9500 mm,10.5,9.5,316
576,22.61 ton,1370 mm,250 mm,8440 mm,8.5,11.5,330
424,22.61 ton,1370 mm,250 mm,8440 mm,8.8,12.1,330
308,22.19 ton,1000 mm,250 mm,11350 mm,6.2,24.5,425
288,19.12 ton,1000 mm,250 mm,9780 mm,12.2,11.1,332
651,18 ton,1350 mm,250 mm,6820 mm,7.9,6.1,493
612,18 ton,1350 mm,250 mm,6820 mm,7.9,6.2,493
484,22.69 ton,1370 mm,250 mm,8470 mm,8,10.6,332
316,22.19 ton,1000 mm,250 mm,11350 mm,6.2,24.6,426
403,20.34 ton,900 mm,250 mm,11560 mm,6.7,12.6,300
544,22.02 ton,1370 mm,250 mm,8220 mm,14.1,9.1,340
291,19.06 ton,1000 mm,250 mm,9750 mm,12.5,10.7,331
617,29.73 ton,1290 mm,250 mm,11790 mm,8.6,5,536
229,26.28 ton,1430 mm,250 mm,9400 mm,10.7,16.5,442
520,34.98 ton,1510 mm,250 mm,11850 mm,10.2,5.3,280
197,26.06 ton,1430 mm,250 mm,9320 mm,10.7,16.4,443
623,23.89 ton,1350 mm,250 mm,9050 mm,9.7,5.1,499
273,25.09 ton,1380 mm,250 mm,9470 mm,10.8,15.5,445
375,25.07 ton,1330 mm,250 mm,9640 mm,10.8,15.4,443
588,22.61 ton,1370 mm,250 mm,8440 mm,13.2,8,339
368,21.83 ton,1380 mm,250 mm,8090 mm,10.9,16,435
444,22.61 ton,1370 mm,250 mm,8440 mm,12.9,7.5,336
573,29.66 ton,1290 mm,250 mm,11760 mm,5.6,4.5,254
659,31.73 ton,1380 mm,250 mm,11760 mm,7.9,4.9,303
319,19.08 ton,1000 mm,250 mm,9760 mm,12.6,11.3,331
471,22.66 ton,1370 mm,250 mm,8460 mm,14,8.1,328
437,22.06 ton,1150 mm,250 mm,9810 mm,11.1,11.4,535
484,22.11 ton,1130 mm,250 mm,10010 mm,6.8,5.7,331
365,17.99 ton,1000 mm,250 mm,9440 mm,12.8,11.1,329
612,16.76 ton,1010 mm,250 mm,8490 mm,3.6,2.5,347
574,31.19 ton,1440 mm,250 mm,11080 mm,9.6,7.7,280
661,32.66 ton,1440 mm,250 mm,11600 mm,9.7,8,281
581,32.83 ton,1440 mm,250 mm,11660 mm,9.8,8.2,275
236,17.07 ton,950 mm,250 mm,9190 mm,14.4,16.6,328
328,22.19 ton,1000 mm,250 mm,11350 mm,6,24.1,425
267,18.63 ton,950 mm,250 mm,10030 mm,14.9,15.7,332
227,18.09 ton,950 mm,250 mm,9740 mm,14.2,17.9,333
511,22.2 ton,1110 mm,250 mm,10230 mm,7.2,4.5,341
291,18.65 ton,1000 mm,250 mm,9540 mm,14.3,18,324
586,18.62 ton,1100 mm,250 mm,8660 mm,2.9,3,334
223,17.07 ton,950 mm,250 mm,9190 mm,14.3,16.7,328
583,24.11 ton,1370 mm,250 mm,9000 mm,12.9,8.2,326
207,17.07 ton,950 mm,250 mm,9190 mm,14.5,16.4,328
245,18.65 ton,1000 mm,250 mm,9540 mm,14.7,20.3,322
680,29.62 ton,1330 mm,250 mm,11390 mm,8.7,4.9,435
463,27.87 ton,1330 mm,250 mm,10720 mm,11.7,16.1,439
416,23.77 ton,1380 mm,250 mm,8810 mm,11.8,16.6,435
696,16.63 ton,1010 mm,250 mm,8420 mm,8.8,1.3,338
715,16.63 ton,1010 mm,250 mm,8420 mm,8.9,1.4,338
730,22.2 ton,1110 mm,250 mm,10230 mm,7.2,4.7,341
321,22.19 ton,1000 mm,250 mm,11350 mm,6.3,24.4,426
680,22.61 ton,1370 mm,250 mm,8440 mm,13.4,8.2,331
578,22.61 ton,1370 mm,250 mm,8440 mm,13.4,7.6,329
578,20.05 ton,1240 mm,250 mm,8270 mm,9.8,5.6,495
483,16.88 ton,950 mm,250 mm,9090 mm,11.6,4.1,343
746,15.32 ton,1110 mm,250 mm,7060 mm,6.1,2.4,352
448,21.96 ton,1380 mm,250 mm,8140 mm,11.9,16.8,433
415,19.66 ton,1330 mm,250 mm,7560 mm,12.5,16.1,445
290,18.61 ton,950 mm,250 mm,10020 mm,14.8,15.5,332
625,22.96 ton,1420 mm,250 mm,8270 mm,10,12.1,550
525,22.96 ton,1420 mm,250 mm,8270 mm,10,12.3,550
625,,950 mm,250 mm,9090 mm,11.6,4.2,342
398,31.68 ton,1370 mm,,11830 mm,14.5,11.5,328
580,23.28 ton,1220 mm,250 mm,9760 mm,12.8,9.5,546
625,16.88 ton,950 mm,250 mm,9090 mm,11.6,4.2,342
398,31.68 ton,1370 mm,250 mm,11830 mm,14.5,11.5,328
580,23.28 ton,1220 mm,250 mm,9760 mm,12.8,9.5,546
